[{"rating": 3.0, "title": "Kota Batam", "image": "https://fbcdn-sphotos-g-a.akamaihd.net/hphotos-ak-xfa1/v/t1.0-9/16090_548788558556174_7014488606639474563_n.png?oh=54c5b2b3319e9983c257400ddb16f270&oe=55080FAE&__gda__=1425635081_8ebf01bf7a092b641755ab2df0e72bf7", "longitude": 106.839, "latitude": -6.2173, "releaseYear": 2014, "genre": ["action", "drama"]}, {}, {"rating": 3.0, "title": "Yaa Rab", "image": "https://scontent-b.xx.fbcdn.net/hphotos-xpf1/v/t1.0-9/1240371_763230820361625_929577409_n.jpg?oh=fe62a38713a4c7aafc44f370387fb4a1&oe=55080824", "longitude": -74.009145, "latitude": 40.712348, "releaseYear": 2014, "genre": ["action", "drama"]}, {}, {"rating": 3.0, "title": "Times Square NYC", "image": "https://fbcdn-sphotos-d-a.akamaihd.net/hphotos-ak-frc3/v/t1.0-9/563952_10150704327248838_89325250_n.jpg?oh=09fa533a0df1b56ef91d7085b7ffad3e&oe=553ACFF6&__gda__=1430352386_70701a4f3cec5859e70653a8790538e0", "longitude": -73.976174159047, "latitude": 40.765495482413, "releaseYear": 2014, "genre": ["action", "drama"]}, {"rating": 3.0, "title": "Madison Square Garden", "image": "https://fbcdn-sphotos-f-a.akamaihd.net/hphotos-ak-frc3/v/t1.0-9/999462_10151859424636499_1969280170_n.jpg?oh=39e134f4c481c6a8ace9af3a977ac9b0&oe=54FF46EB&__gda__=1426687398_e28b3c10e3a4bbe78aa0de60a47efb3e", "longitude": -73.992779441468, "latitude": 40.750521582062, "releaseYear": 2014, "genre": ["action", "drama"]}, {"rating": 3.0, "title": "Yankee Stadium", "image": "https://scontent-a.xx.fbcdn.net/hphotos-xaf1/v/t1.0-9/216492_188887584489026_6469593_n.jpg?oh=4abe4ac2f965f08f142fe2f99a522717&oe=550B6D8F", "longitude": -73.926516, "latitude": 40.829612, "releaseYear": 2014, "genre": ["action", "drama"]}, {}, {"rating": 3.0, "title": "Rockefeller Center", "image": "https://fbcdn-sphotos-c-a.akamaihd.net/hphotos-ak-xap1/v/t1.0-9/1505015_693270847360584_704546567_n.jpg?oh=1bcbd0a83357869e07782e5b32d8fa97&oe=5502A4A4&__gda__=1429619495_4377c34d249c71dc5c8540861b7d966f", "longitude": -73.978870273635, "latitude": 40.758827921915, "releaseYear": 2014, "genre": ["action", "drama"]}, {}, {}, {"rating": 3.0, "title": "Empire State Building", "image": "https://scontent-a.xx.fbcdn.net/hphotos-xap1/v/t1.0-9/10514674_982194305131074_3674192510862554771_n.jpg?oh=22f7d7fbf9e7a08c8b4ad87aced19335&oe=55474D86", "longitude": -73.985593944419, "latitude": 40.748522662791, "releaseYear": 2014, "genre": ["action", "drama"]}, {"rating": 3.0, "title": "Central Park", "image": "https://fbcdn-sphotos-f-a.akamaihd.net/hphotos-ak-xfa1/v/t1.0-9/405067_10150624756459482_1327817990_n.jpg?oh=7868718441de9692f03445f35e8c53ad&oe=55429015&__gda__=1426276378_5c9fc755f4473e79b3eba7107e9c59af", "longitude": -73.975295708896, "latitude": 40.768952621202, "releaseYear": 2014, "genre": ["action", "drama"]}, {"rating": 3.0, "title": "MetLife Stadium", "image": "https://fbcdn-sphotos-h-a.akamaihd.net/hphotos-ak-xap1/v/t1.0-9/p720x720/10632860_10152617065103423_1087390859861969911_n.jpg?oh=aebcf4b09b33815676dc0a4409b02a73&oe=55024000&__gda__=1430011579_0401d942db0043a78859f9eb04fd6540", "longitude": -74.075635278793, "latitude": 40.813376753374, "releaseYear": 2014, "genre": ["action", "drama"]}, {"rating": 3.0, "title": "American Museum of Natural History", "image": "https://fbcdn-sphotos-c-a.akamaihd.net/hphotos-ak-xfp1/v/t1.0-9/429357_10150554623776991_2127354981_n.jpg?oh=4d977f938a3637fb645009537871d495&oe=54FCDA09&__gda__=1430239571_f538d7271e5a73b96c7073fae4646af2", "longitude": -73.973600478845, "latitude": 40.781057825934, "releaseYear": 2014, "genre": ["action", "drama"]}, {"rating": 3.0, "title": "MoMA The Museum of Modern Art", "image": "https://scontent-b.xx.fbcdn.net/hphotos-xfa1/v/t1.0-9/598697_10152216534337281_1274166278_n.jpg?oh=094e5e2bcf83a85f163a65601c48683c&oe=550B49C0", "longitude": -73.977115984571, "latitude": 40.761477816068, "releaseYear": 2014, "genre": ["action", "drama"]}, {"rating": 3.0, "title": "The Metropolitan Museum of Art, New York", "image": "https://fbcdn-sphotos-d-a.akamaihd.net/hphotos-ak-xpf1/v/t1.0-9/935507_10151429967542635_1385447319_n.jpg?oh=c31c09787ddfa854cdfeceeca2bfcdb8&oe=5534DD46&__gda__=1429506587_866435f6ef158bd88f3703f2969fdb32", "longitude": -73.962972265652, "latitude": 40.779126609981, "releaseYear": 2014, "genre": ["action", "drama"]}, {"rating": 3.0, "title": "Barclays Center", "image": "https://fbcdn-sphotos-e-a.akamaihd.net/hphotos-ak-xfa1/v/t1.0-9/10411322_726279830747528_2022704301936454459_n.jpg?oh=1b60c18824faade99708c21ef4db7c53&oe=5544E6BD&__gda__=1426269067_7f07e6477f0e17c16567e66763481275", "longitude": -73.976188, "latitude": 40.683267, "releaseYear": 2014, "genre": ["action", "drama"]}, {}, {"rating": 3.0, "title": "Brooklyn Bridge", "image": "https://fbcdn-sphotos-a-a.akamaihd.net/hphotos-ak-xpf1/v/t1.0-9/q84/p720x720/10690172_797740273621749_2241377284700621452_n.jpg?oh=62326bc5f2b0fe8b1f90a01e80cc51f8&oe=55021AD5&__gda__=1426206915_28942a4a3f8b2fd72a8c67d6bceb0c30", "longitude": -73.992420089438, "latitude": 40.702005996378, "releaseYear": 2014, "genre": ["action", "drama"]}, {"rating": 3.0, "title": "Citi Field", "image": "https://fbcdn-sphotos-b-a.akamaihd.net/hphotos-ak-xpf1/v/t1.0-9/215591_202537719776929_4418326_n.jpg?oh=0ab82f96bc45fabd997a79db9af86620&oe=5545BD13&__gda__=1425988698_ae026ab15e93008a90275489eda10bc0", "longitude": -73.846244869832, "latitude": 40.756728813328, "releaseYear": 2014, "genre": ["action", "drama"]}, {"rating": 3.0, "title": "Bryant Park", "image": "https://scontent-a.xx.fbcdn.net/hphotos-xpa1/v/t1.0-9/10603652_10152818368898606_2708289421411025363_n.png?oh=df8f1bbc1dcb12848eab0fc0998d8a3f&oe=553DC1D4", "longitude": -73.983725365088, "latitude": 40.753918425377, "releaseYear": 2014, "genre": ["action", "drama"]}, {"rating": 3.0, "title": "National September 11 Memorial & Museum", "image": "https://fbcdn-sphotos-e-a.akamaihd.net/hphotos-ak-xap1/v/t1.0-9/63399_10152872735769026_8959921769955514318_n.png?oh=368641de8390ccc7ddfe06bf2ef2fd4d&oe=55379225&__gda__=1429858156_af542ae90f9773dede84e149a8cc85b3", "longitude": -74.01302047833, "latitude": 40.711248840114, "releaseYear": 2014, "genre": ["action", "drama"]}, {}, {"rating": 3.0, "title": "Top Of The Rock NYC", "image": "https://fbcdn-sphotos-f-a.akamaihd.net/hphotos-ak-xfa1/v/t1.0-9/397749_10151218911397293_614615000_n.jpg?oh=2539506c1b7e05c11f1ba3c358faecbf&oe=553A6401&__gda__=1425761846_0882db93b5c0c957940924d4273f698e", "longitude": -73.979224958985, "latitude": 40.759037133081, "releaseYear": 2014, "genre": ["action", "drama"]}]